<?xml version="1.0" encoding="UTF-8"?>
<project-private xmlns="http://www.netbeans.org/ns/project-private/1">
    <editor-bookmarks xmlns="http://www.netbeans.org/ns/editor-bookmarks/2" lastBookmarkId="0"/>
    <open-files xmlns="http://www.netbeans.org/ns/projectui-open-files/2">
        <group>
            <file>file:/Users/rogerjoseulaterivera/Documents/PersonalRepos/ULACIT_PrincipiosProgra_III_2018/Tareas/RogerUTarea3/src/taller3/Backend.java</file>
            <file>file:/Users/rogerjoseulaterivera/Documents/PersonalRepos/ULACIT_PrincipiosProgra_III_2018/Tareas/RogerUTarea3/src/taller3/Taller3.java</file>
        </group>
    </open-files>
</project-private>
